Rollno.,CS,EC,HS,IT,MA
1830001,0.9166666666666666,0.7749999999999999,0.825,0.7,0.725
1830002,0.7833333333333333,0.7625,0.9,0.7,0.8250000000000001
1830029,0.8333333333333334,0.7875,0.8999999999999999,0.6,0.6749999999999999
1830037,0.8666666666666667,0.7875000000000001,0.7750000000000001,0.6,0.8
1830062,0.7999999999999999,0.8125,0.9,0.9,0.7250000000000001
